번호,제목,작성자,날짜,본문,이미지
1,🚨1차 재건축 선도지구 설명회 요약,관리자,2026-01-26,"🚨1차 재건축 선도지구 설명회 요약본
(2026년 1월 26일, 둔산여고 시청각실)

1차로 진행된 재건축 추진 관련 주민설명회에 많은 주민분들께서 참석해 주셨습니다.

실내 좌석이 부족해 밖에 서서 듣거나 앞쪽에 앉아 설명을 듣는 분들도 계실 정도로 관심이 높았습니다.

설명회 주요 내용은 아래와 같습니다.

1️⃣ 선도지구 신청 및 일정

선도지구 신청 시기: 3월 예정

선도지구로 선정될 경우 재건축 추진에 있어 여러 제도적 혜택이 적용됨

2️⃣ 선도지구 선정 시 장점

용적률 최소 363%까지 상향 가능

현재 향촌의 기존 용적률 234% → 증가분 129%

이 증가분(129%)의 약 10%만 공공기여로 적용된다는 설명

3️⃣ 재건축 절차 및 행정 처리

노후계획도시 특별법 적용 시

→ 재건축 관련 여러 절차가 통합되어 전체 기간이 단축

재건축 담당 부서도 서구청이 아닌 ‘대전시’에서 직접 관리

→ 행정 처리 속도가 비교적 신속하다는 설명

4️⃣ 선도지구 선정의 핵심 조건 (동의율 중요)

주민동의율이 가장 중요한 평가 요소

동의율 50% = 10점

50% 초과분부터 1%당 1.2점씩 가산

동의율 100% 도달 시 최대 70점

➡️ 동의율이 높을수록 선도지구 선정 가능성이 크게 높아진다고 설명함

5️⃣ 선도지구 선정과 집값 관련 설명

선도지구 선정 = 재건축 확정은 아님

다만, 선도지구로 선정되는 것만으로도

재건축 추진이 공식화되고 기대감이 형성되어

집값 상승 요인이 될 수 있다는 설명이 있었음

6️⃣ 추진 필요성에 대한 설명

도시정비계획은 장기적으로 추진될 수밖에 없는 흐름

지금 참여하지 않더라도 언젠가는 재건축을 하게 될 가능성이 높다는 설명

먼저 진행할수록 사업성이 유리하고 인지도가 높아지며 향후 분양 경쟁력도 좋아질 수 있다고 언급

7️⃣ 사업 기간 전망

재건축이 원활히 진행되더라도

→ 최소 6년 이상 소요될 것으로 예상

8️⃣ 사업성 관련 설명

설명을 맡은 대표님 발언:

“사업성이 없으면 이 일을 하지 않는다”

“향촌은 사업성이 있다고 판단했기 때문에 설명회를 진행했다”고 언급

9️⃣ 도마14구역 사례 설명

도마14구역은 20년 전 정비계획 당시 주민 반대와 파벌 문제로 사업이 중단

이후 주변 지역들이 개발·입주를 마치며

주민 인식이 변화

최근 들어 뒤늦게 재건축이 다시 추진 중

재건축은 주민 공감대와 추진 시점이 중요하다는 사례로 설명함

🔟 향후 계획

다음 주민설명회에서는

- 도시계획

- 설계

- PM(사업관리) 업체의 도움을 받아 토지이용계획도, 배치도, 조감도 등 구체적인 자료를 준비해 설명 예정

🔑 당부 말씀

동의율 확보가 무엇보다 중요

확인되지 않은 유언비어 확산이나 단정적인 부정 의견보다는 궁금한 사항이나 우려가 있을 경우

👉 재건축 추진준비위원회로 문의

문의 내용은 전문가 검토 후 공식 답변 제공 예정

이정도 입니다~주민동의가 많이 되서 꼭 좋은 결과 있으면 좋겠습니다~

추가로
선도지구로 추진될 경우
- 공공기여 방식에서 공원 부지 조성은 필수가 아님
대신
▸ 임대주택 제공 또는
▸ 현금(대체납부) 방식으로 공공기여가 가능하다는 설명이 있었음
건축 규모 관련
- 층수는 약 45층 ~ 49층 수준까지도 검토 가능할 것으로 예상된다고 설명함
- 이에 따라 전체 세대수는 최대 약 3,500세대까지 확대될 가능성도 언급됨세대수 증가 시 사업성
- 현재 약 2,000세대 수준에서
- 최대 약 1,500세대가 일반분양 물량으로 확보될 수 있고 이 경우 일반분양 수익이 늘어나 조합원 분담금 부담이 줄어들 수 있다는 설명이 있었음

출처:https://cafe.naver.com/hyangchonapt/2486?tc=shared_link",
2,🚨2차 재건축 설명회 요약본,관리자,2026-01-13,"🚨2차 재건축 설명회 요약본
(2026년 1월 13일, 오후 6시)

📢 향촌아파트 재건축 관련 2차 안내

주민 여러분께 최근 추진 준비 과정에서 공유된 주요 내용을 정리하여 안내드립니다.

⸻

✅ 1. 선도지구 및 사업 추진 방향
• 선도지구 선정이 최우선 목표이나, 선정되지 않더라도 특별정비계획 수립을 통해 재건축 추진 예정
• 목표 주민 동의율은 75~80% 수준
• 입안 제안 방식으로 7월 신청 계획

👉 선도지구와 입안제안의 차이는
재정·행정 지원 정도이며 사업 진행 구조는 유사합니다.

⸻

✅ 2. 동의서 접수 및 주민 접촉 계획
• 현재 동의서 접수 진행 중 (약 100세대 수준 확보)
• 2월 19일부터 세대 방문 예정
→ 방문 시간: 오전 10시 ~ 오후 7시
• 홍보요원은 월요일부터 토요일까지 활동 예정
• 타지역 거주 소유주는 세입자 등을 통해 접촉 예정

👉 동의율이 높은 단지가 입안 승인에서 우선 검토될 가능성이 있습니다.

⸻

✅ 3. 추진 조직 및 협력 업체

현재 아래 업체들과 협력하여 사업 검토가 진행 중입니다.
• PM: 엘림토피아
• 설계: 다보건축
• 도시계획: 중부기술단

※ 향후 추진위원회 구성 시 주민 협의를 통해 계약 승계 여부 결정 예정.

👉 사업 무산 또는 주민 미동의 시 비용 청구는 불가하다는 설명이 있었습니다.

⸻

✅ 4. 향후 설명회 및 계획
• 매주 금요일 주민설명회 진행 예정
• 다음 설명회:
👉 국민생활관 시청각실 오후 4시

추가 예정 자료
• 3월 10일: 배치도 및 건축계획
• 약 1개월 후: 조감도 등 공개 예정
• 이후 사업설명회 추진

⸻

✅ 5. 개발 구상 (초기 계획)
• 예상 층수: 35층 ~ 45층
• 용적률: 234% → 363% 상향 검토
• 토지이용계획 큰 변경 없음
→ 별도 기부채납 부담 없음 예상

공공기여 방식은:

✔ 임대주택 공급 또는
✔ 현금 납부 방식 검토

⸻

✅ 6. 통합 개발 관련 사항
• 파랑새 아파트와 통합 개발 검토
• 단지 사이 도로는 주민 사용 도로로 판단되어
조정 또는 활용 방안 협의 예정

⸻

✅ 7. 사업 추진 일정 목표
• 특별정비구역 지정 + 추진위원회 설립
👉 1년 이내 목표

⸻

✅ 8. 동의 관련 유의사항

앞으로 필요한 동의는 다음과 같습니다.

1️⃣ 입안제안 동의
2️⃣ 추진위원회 구성 동의
3️⃣ 조합 설립 동의

※ 조합 설립 이후에는 매매가 제한될 수 있습니다.

또한,

👉 조합 설립 시 미동의자는
현금청산 대상이 될 수 있습니다.

⸻

✅ 9. 기타 안내
• 상가 소유주도 동의 대상이며
조건 충족 시 입주권 가능
• 주택연금 가입자는 해지 후 재가입 가능
• 원주민 및 고령 소유주 대상 별도 설명 진행 예정

⸻

⭐ 핵심 정리

✔ 선도지구 여부와 관계없이 재건축 추진 방향
✔ 동의율 확보가 가장 중요한 단계
✔ 설명회 및 자료 공개 지속 예정

주민 여러분의 많은 관심과 참여 부탁드립니다.

출처:https://cafe.naver.com/hyangchonapt/2539?tc=shared_link",
3,🟦 재건축 Q&A,관리자,2026-02-23,"🟦 재건축 Q&A
(2026년 2월 23일 기준)

Q1. 향촌 아파트 방송은 언제 실시되나요?
A: 매일 저녁 방송 실시

Q2. 현수막 색깔을 변경할 수 있나요?
A: 다음 현수막부터 색깔 변경하여 제작할 예정이라고 답변 받았습니다.

Q3. 현수막에 동의서 QR 코드를 삽입할 수 있나요?
A: 현재 작성된 동의서를 기준으로 개인정보보호법 등 법적 사항을 검토한 후, 차후 다른 동의서 작성 시 적용할 예정이라고 답변 받았습니다.

Q4. 각 동 게시판, 현관, 엘리베이터 내부에 가독성 높은 공지문 게시가 가능한가요?
A: 2026년 2월 22일 기준 제작 중이며, 완료되는 즉시 게시할 예정이라고 답변 받았습니다.

Q5. 동의율이 일정 수준에 도달하면 진행 현황을 확인할 수 있나요?
A: 현재 접수된 동의서 참여 입주민을 대상으로 재건축 대표 전화번호 휴대폰 프로필을 통해 안내할 예정이라고 답변 받았습니다.

Q6. 진행 상황을 안내하고 질의할 수 있는 정식 소통 창구가 있나요?
A: 현재 동의서에 참여한 입주민을 대상으로, 통합 사무실 전화번호(010-5145-2226) 카카오톡 1:1을 통해 안내 및 소통이 가능하다고 답변 받았습니다.

Q7. 재건축 사무실 운영시간은 어떻게 되나요?
A: 월요일~토요일 10시~19시(점심시간 12시~13시) 운영한다고 답변 받았습니다.

Q8. 그린코아 사무실 1층 입구에 위치 안내 표시가 있나요?
A: 안내 표시를 설치하여 시행 중이며, 추가 입간판도 제작하여 설치할 예정이라고 답변 받았습니다.

Q9. 세대 방문을 통한 동의서 확보는 어떻게 진행되나요?
A: 2월 19일부터 PM사 요원이 월~토 10시~19시 방문하고 있으며, 비거주 실소유자에게도 적극적으로 연락해 동의서를 받고 있습니다. 또한 요원은 실적제 수당을 지급받고 있어 소극적으로 진행될 우려는 없다고 답변 받았습니다.

Q10. 아파트 정문 입구 홍보 부스를 설치하나요?
A: 입주자대표회의 의결에 따라 향촌에는 2월 21일 오전 1차 설치를 완료했으며, 파랑새 부스도 제작 중으로 완료되는 즉시 설치할 예정이라고 답변 받았습니다.

Q11. 재건축 홍보 부스를 알리는 현수막을 게시할 수 있나요?
A: 2026년 2월 23일 부스에 현수막 설치를 완료했다고 답변 받았습니다.

Q12. 홍보 부스를 통한 홍보는 언제부터 시행되나요?
A: PM사와 협의 후 부스 파견 직원이 확정되면 즉시 운영할 예정이며, 현재 향촌의 파란색 부스는 파랑새로 이전하고 더 큰 빨간색 부스를 제작해 이번 주 중 운영을 시작할 예정이라고 답변 받았습니다.

Q13. 추가 설명회는 자주 개최되나요?
A: 매주 금요일 19시에 정기 설명회를 개최하며, 3월 10일경 도면 및 배치도 관련 자료가 준비되면 주요 내용을 안내하기 위해 ■주말 설명회도 진행할 예정이라고 답변 받았습니다.

Q14. 상가 입주민도 동의서 작성 대상인가요?
A: 상가 실소유자도 재건축 대상 요건을 충족할 경우 입주권이 가능하므로 동의서 작성이 요청된다고 답변 받았습니다.

Q15. 고령 소유자 대상 맞춤 설명회는 있나요?
A: 별도 설명회 일정을 현재 조율 중이라고 답변 받았습니다.

Q16. 건설사(최소 3곳) 현수막 게시는 언제부터인가요?
A: 2026년 2월 22일 현대건설(힐스테이트) 관계자가 사무실을 방문해 협의했으며, 현대HD·현대건설·GS 등 최소 3곳의 시행사 현수막을 빠른 시일 내 게시할 예정이라고 답변 받았습니다.

Q17. 파랑새 재건축 방송은 언제부터 하나요?
A: 2026년 2월 22일부터 오후 7시경 주말을 포함해 방송을 실시하며, 외부에 설치되었던 파랑새 현수막은 같은 날 아파트 내부로 재설치했다고 답변 받았습니다.

Q18. 타 구역과 같이 우리도 전자동의서로 동의서 작성은 불가능한가요?
A: 전자동의서는 먼저 입주민의 개인정보를 수집한 후 전자동의서를 별도로 연계하는 방식입니다. 이에 대해 PM사는 굳이 이중 절차로 진행하기보다는 개인정보를 수집하는 과정에서 동시에 동의서를 직접 받는 방식으로 진행하겠다는 입장입니다. 또한 타 지역 거주 소유자의 경우 등기부등본을 확인해 최대한 연락을 취하고, 필요 시 PM사 직원이 해당 소유주 거주 지역으로 직접 방문하여 동의서를 받을 예정이라고 답변 받았습니다.


♦️궁금한 사항뿐만 아니라 모두가 함께 알면 도움이 될 정보가 있다면 언제든지 공유해주시기 바랍니다.
늦은 시간이나 이른 아침이 아니라면 반복적인 질문이나 의견 제시도 환영합니다.
이 모든 관심과 참여가 재건축 추진의 힘이 됩니다.
아래 연락처로 궁금한 점이나 건의사항이 있으시면 언제든지 연락해주시기 바랍니다.


재건축 사무실
☎ 010-5145-2226
재건축준비위원장 이인하
☎ 010-6404-2226


모두가 힘을 모아 동의율을 높여야 합니다.
여러분의 적극적인 참여가 재건축의 성패를 좌우합니다.",
4,🟥재건축 동의서 제출 안내,관리자,2026-02-25,"🟥재건축 동의서 제출 안내

🟩재건축 사무실
▪️문의전화 : 010-5145-2226
▪️장소 : 향촌정문 그린코아(빽다방 건물) 2층 (구 사진관 자리)


🟩 운영 및 방문 시간
▪️사무실 운영시간
월~토 10:00 ~ 19:00
(점심시간 12:00 ~ 13:00)

▪️PM사 요원 세대 방문 시간
월~토 10:00 ~ 19:00


🟩 준비물
▪️소유주 본인 신분증만 지참


🟩 제출 방법
▪️소유자가 직접 사무실을 방문하여 작성
▪️소유자 방문이 어려운 경우, 가족이 서류를 대리 수령하고, 소유자가 작성한 후 가족이 사무실에 제출
▪️사무실에 전화 요청 시 이메일로 서류 수령 가능
▪️우편 제출 가능

※ 동의서는 유의사항이 많아, 혼선을 방지하기 위해 오픈채팅방에 동의서 서류를 공유할 수 없다고 답변 받음



🟩 제출 서류 안내
▶️[단독 소유자]
① 특별정비구역 지정 제안에 대한 토지등소유자 서면 동의서 1장 (자필서명)
② 노후계획도시정비 선도지구 선정 공모신청 동의서 1장 (자필서명)
③ 개인정보 수집 및 이용 동의서 (선도지구 공모 관련) 1장 (자필서명)
④ 개인정보 수집 및 이용 동의서 (특별정비구역 지정 제안 관련) 1장 (자필서명)
⑤ 신분증 사본 1장

▶️[공동명의]
① 특별정비구역 지정 제안에 대한 토지등소유자 서면 동의서 각 1장 (각자 자필서명)
② 노후계획도시정비 선도지구 선정 공모신청 동의서 각 1장 (각자 자필서명)
③ 개인정보 수집 및 이용 동의서 (선도지구 공모 관련) 각 1장 (각자 자필서명)
④ 개인정보 수집 및 이용 동의서 (특별정비구역 지정 제안 관련) 각 1장 (각자 자필서명)
⑤ 신분증 사본 각 1장
⑥ 토지등소유자 대표소유자 선임동의서 1장 (공동명의자 전원 지장)


🟩 서류 작성 요령(사진참고)
▪️빨간색 표시 부분만 작성
▪️‘별도기재’ 부분은 작성하지 않음
▪️기본서류 서명란은 자필 서명
▪️대표소유자선임동의서는 지장(지문) 날인
※ 작성 방법이 다를 경우 재작성 요청될 수 있습니다.",img1.jpg | img2.jpg | img3.jpg | img4.jpg | img5.jpg
5,📢 향촌·파랑새 재건축 관련 설명회 및 주민 간담회 주요 내용 총정리,관리자,2026-02-26,"📢 향촌·파랑새 재건축 관련 설명회 및 주민 간담회 주요 내용 총정리

그동안 진행된 설명회 및 주민 간담회에서 공유된 주요 내용을 정리하여 안내드립니다.

✅ 1️⃣ 추진 방향

- 현재 추진준비위원회에서는 주민제안을 통한 재건축 추진을 기본 목표로 진행 중이며, 선도지구 선정도 함께 추진하고 있다고 합니다.

- 선도지구 선정 시 재정적·행정적 지원 등의 장점이 있을 수 있으나, 구체적인 지원 내용은 현재 확정되지 않은 상태라고 안내되었습니다.

- 또한 선도지구 선정이 곧 재건축 확정을 의미하는 것은 아니며, 이후에도 주민제안 및 행정 절차가 함께 진행된다고 설명되었습니다.

✅ 2️⃣ 사업성 및 계획 방향

- 노후계획도시 기준 적용 시 용적률은 약 363% 수준까지 상향 가능성이 설명되었습니다.

- 기존 약 234% 대비 증가분 일부에 공공기여가 적용되는 구조라고 안내되었습니다.

- 예상 층수는 약 45~49층 수준까지 검토 가능하다고 합니다.

- 세대수 증가 시 일반분양 물량 확보를 통해 조합원 분담금 부담 감소 가능성이 언급되었습니다.

✅ 3️⃣ 사업 기간 (선도지구 미선정 기준)

- 이주까지 최소 약 3년 6개월

- 현실적으로 약 4년

- 보수적으로 약 5년 이상

소요될 것으로 설명되었습니다.

- 선도지구 선정 여부와 관계없이 주민제안을 통한 재건축 추진 시 사업 기간 및 용적률 등 주요 조건은 크게 차이가 없을 수 있으며, 차이는 재정적·행정적 지원 부분이라고 안내되었습니다.

✅ 4️⃣ 동의율 중요성

재건축 추진 및 선도지구 신청 과정에서 주민 동의율 확보가 가장 중요한 요소라고 강조되었습니다.

- 동의율 50% 약 10점

- 이후 1%당 약 1.2점 가산

- 100% 동의 시 최대 약 70점 수준

✅ 5️⃣ 향후 일정

- 노인회 회원분들 대상으로 별도 설명회를 추진예정이라고 합니다.

- 3월 10일경 도면 및 배치도 등이 준비되면 해당 주 주말에 주민 설명회가 예정되어 있다고 합니다.

※ 해당 설명회에서는 현재까지 궁금했던 부분들을 구체적으로 확인할 수 있는 중요한 자리라고 안내되었습니다.

- 매주 금요일 오후 7시 추진준비위원회 사무실에서 주민 설명회가 진행된다고 합니다.

✅ 6️⃣ 홍보 및 추진 활동 계획

입주자대표회의 안건이 통과되어 진행중!!!(26.02.20)

- 홍보 부스 설치
=> 진행중 - 파랑새 설치완료
- 현수막 제작 및 부착(진행중)
=> 진행중 - 문구 정하여 전달완료
- 홍보 안내문 게시 등
=> 진행중 - 허가 받은 1차 홍보 안내문 게시 완료

적극적인 홍보 활동을 진행할 예정이라고 합니다.

✅ 7️⃣ 추진준비위원회 운영 및 동의서 작성 안내

- 문의전화: 010-5145-2226

- 장소: 향촌정문 그린코아(빽다방건물)2층(구,사진관 자리)

- 준비물: 소유자 신분증

- 사무실 운영시간 : 월요일 ~ 토요일 오전 10시 ~ 오후 7시(점심시간 12시~13시)

- 세대 방문 : 월요일 ~ 토요일 오전 10시 ~ 오후 7시(세대 방문 시 신분증 사본은 신분증을 사진촬영해서 사용한다고 합니다.)

- 홍보 부스에서 동의서 작성가능

궁금하신 사항은 설명회 참석 또는 사무실 방문 상담을 통해 확인 가능하다고 합니다.

⭐ 핵심 요약

👉 주민제안을 중심으로 재건축 추진을 준비 중이며 선도지구 선정 시 재정적·행정적 지원의 장점이 있을 수 있다고 합니다.

👉 선도지구 선정 여부와 관계없이 재건축 추진은 가능하며 이주까지 약 3년 6개월~5년 정도가 예상된다고 안내되었습니다.

👉 재건축 추진과 선도지구 신청에서 주민 동의율 확보가 가장 중요한 핵심 요소라고 강조되었습니다.

📌 안내 말씀

재건축은 일부가 아닌 주민 여러분 모두의 관심과 참여가 모일 때 추진될 수 있는 사업이라고 합니다.

현재 둔산 일대 여러 단지에서도 재건축 논의가 진행되고 있는 만큼, 우리 단지 역시 충분한 정보를 바탕으로 방향을 함께 고민하는 과정이 중요하다고 합니다.

다양한 의견과 소문들이 있는 만큼 정확한 내용은 직접 확인하시고 판단하시는 것이 가장 중요하다고 안내되었습니다.

🔥 주민 안내 (중요)

찬반 여부와 관계없이 “정확히 알고 결정하는 것”이 가장 중요하다고 합니다.

설명회에서는 사업 절차, 예상 일정, 분담금 구조 등 궁금했던 부분을 직접 확인하실 수 있으니 시간 되시는 분들께서는 한 번쯤 참석하셔서 설명을 들어보시길 권해드립니다.

특히 향후 단지의 방향과 주거 환경은 물론 장기적인 자산 가치에도 영향을 줄 수 있는 사안인 만큼, 모르고 결정해서 아쉬움이 남는 일이 없도록 충분히 확인 후 각 가정에서 판단하시길 바랍니다.",
6,📢 대전시 노후계획도시 특별법 주민설명회 주요 내용 요약,관리자,2026-02-26,"📢 대전시 노후계획도시 특별법 주민설명회 주요 내용 요약

✅ 1️⃣ 선도지구 선정의 의미

선도지구는 재건축 사업을 가장 먼저 추진하는 구역으로, 정비계획 수립 및 행정 절차를 우선 진행할 수 있다는 점이 가장 큰 특징이라고 설명되었습니다.

통합심의 등 절차 간소화를 통해 사업 진행 속도 측면에서 장점이 있을 수 있다고 안내되었습니다.

⸻

✅ 2️⃣ 선도지구 선정 물량 기준 (중요)

둔산지구 선도지구 선정 물량은 기본 약 5,000세대이며 최대 약 7,500세대 범위 내에서 선정될 수 있다고 합니다.
• 1순위·2순위 선정 구역 합계가 5,000세대 미만일 경우, 추가 구역을 선정하여 물량을 채울 수 있다고 설명되었습니다.
• 다만 추가 선정 시 전체 합계가 7,500세대를 초과하게 되면 추가 선정은 불가하며, 해당 경우 상위 순위 구역까지만 선정될 수 있다고 합니다.

※ 즉, 세대수 규모에 따라 추가 선정 여부가 달라질 수 있다고 안내되었습니다.

⸻

✅ 3️⃣ 재정적·행정적 지원 관련

법적으로 재정적·행정적 지원이 가능하다고 되어 있으나,

현재 대전시에서 구체적으로 확정된 재정 지원이나 금융 지원 계획은 없는 상태라고 설명되었습니다.

행정적 지원 역시 심의 절차 단축 등 사업 추진 과정의 효율성 측면이 중심이라고 안내되었습니다.

⸻

✅ 4️⃣ 이주 및 금융 지원 관련

이주비 금융지원, 전세 대책 등은 현재 별도로 확정된 사항은 없으며,

향후 사업 진행 과정에서 사례 검토 및 추가 논의가 필요하다는 설명이 있었습니다.

⸻

✅ 5️⃣ 사업 추진 일정 방향

선도지구는 우선적으로 정비계획 수립 및 사업 추진을 시작하게 되며,

전체 노후계획도시 정비사업은 단계별 순차 추진될 예정이라고 안내되었습니다.

사업 추진 시기는 각 구역의 준비 상황 및 여건에 따라 달라질 수 있다고 합니다.

⸻

✅ 6️⃣ 학군 및 생활환경 관련

현재 학군은 기본적으로 유지하는 방향으로 검토되었으며,

향후 특별정비계획 수립 단계에서 교육청과 별도 협의를 통해 조정 가능성이 있을 수 있다고 설명되었습니다.

⸻

⭐ 안내 말씀

설명회 내용은 기본계획(안) 기준으로 안내된 사항이며, 향후 행정 절차 및 정책 협의 과정에서 일부 변경될 수 있다고 합니다.

정확한 내용은 지속적으로 확인하시고 판단하시는 것이 중요하다고 안내되었습니다.",
7,📢 향촌·파랑새 재건축 주민설명회 추가 공유 내용 정리,관리자,2026-02-27,"📢 향촌·파랑새 재건축 주민설명회 추가 공유 내용 정리
일시: 2026.02.27 19시

✅ 1️⃣ 동의서 접수 현황
• 동의서 접수는 3월 28일까지 진행 예정
• 어제 기준 완성본 약 400장 돌파

⸻

✅ 2️⃣ 분담금 관련 안내
• 타 구역 일부에서
→ 평형 이동 시 5천만 원 또는 1억5천만 원 등 특정 금액 홍보 사례 있음
• 하지만 실제 분담금은
👉 아파트 설계(배치·평형 구성)에 따라 크게 달라지므로 현재 금액 제시는 의미 없다고 설명

⸻

✅ 3️⃣ 일반분양가 예상
• 일부 구역 기준 예상 일반분양가
👉 평당 약 3,000만 원 ~ 3,500만 원 수준 언급

⸻

✅ 4️⃣ 미분양 관련 질의 답변
• 미분양 발생 시 조합 부담 가능성 있음
• 다만 설명회에서는
👉 둔산에서 미분양 발생하면 대전 부동산 시장 자체가 어려운 상황으로 봐야 한다는 의견 설명
• 도마변동 설명회에서도
→ 둔산 재건축 분양 시 수요가 몰릴 가능성 언급

⸻

✅ 5️⃣ 평형 선택 방식
• 원하는 평형 신청 가능
• 단,
👉 신청자가 많은 인기 평형은

✔ 감정평가 금액이 높은 순
또는
✔ 경쟁 기준에 따라 배정 가능

⸻

✅ 6️⃣ 평형 구성
• 세대 수 증가로 평형 선택 폭 확대 예정
• 평형 비율은
👉 주민 설문조사를 통해 최대한 반영 예정

⸻

✅ 7️⃣ 동의서 부스 운영
• 월요일부터 부스 정상 운영 예정
• 운영은 업체에서 진행
• 다만 주민 도움(봉사 참여)이 필요하다고 안내",
8,📢 향촌아파트 노인정 설명회 개최,관리자,2026-03-05,"📢 2026년 3월 6일(금요일) 금요일 오후 2시
향촌아파트 노인정에서 어르신들 대상으로 설명회 진행 예정 입니다.
아울러 파랑새 아파트는 2026년 3월 5일(목요일) 오전 10시에 진행한 것으로 알고 있습니다.",
